{
  "model_year": {
    "min": 1974.0,
    "max": 2024.0,
    "avg": 2015.6003058883507
  },
  "mileage": {
    "min": 100.0,
    "max": 405000.0,
    "avg": 64171.55569717053
  },
  "horsepower": {
    "min": 70.0,
    "max": 1020.0,
    "avg": 328.1881213357125
  },
  "engine_size": {
    "min": 0.65,
    "max": 8.3,
    "avg": 3.664784603619679
  },
  "cylinders": {
    "min": 6.0,
    "max": 12.0,
    "avg": 6.0739230180983945
  },
  "brand_code": {
    "min": 1.0,
    "max": 386.0,
    "avg": 192.41626306398166
  },
  "model_code": {
    "min": 1.0,
    "max": 30.0,
    "avg": 4.527657405047158
  },
  "fuel_code": {
    "min": 0.0,
    "max": 7.0,
    "avg": 1.2806525618149376
  },
  "transmission_code": {
    "min": 0.0,
    "max": 61.0,
    "avg": 7.650012745347948
  },
  "ext_col_code": {
    "min": 1.0,
    "max": 905.0,
    "avg": 519.2342594952843
  },
  "int_col_code": {
    "min": 1.0,
    "max": 2025.0,
    "avg": 1180.3604384399694
  },
  "accident_flag": {
    "min": 0.0,
    "max": 1.0,
    "avg": 0.24547540147846036
  },
  "clean_title_flag": {
    "min": 0.0,
    "max": 1.0,
    "avg": 0.850879429008412
  },
  "competitor_avg": {
    "min": 3961.0,
    "max": 275177.0,
    "avg": 39908.68867363412
  }
}